state,county,fips,adult_pop,observed_distress,loneliness_rate,access_to_exercise,social_associations,air_pollution,uninsured,unemployment_rate,providers_per_100k,log_median_hh_income,rucc_category
NC,Bertie,37015,"14,112",17.5,35.3,35.6306457,24.583155195,7.0,13.596302669999998,5.9003193099999995,57.12654,10.628133400155445,rural
NC,Vance,37181,"32,113",18.1,35.3,66.17736859,14.53553379,8.1,18.0171051,7.910786890000001,239.42159999999998,10.726719568158678,mid
NC,New Hanover,37129,"197,058",16.3,32.1,95.08909978999999,9.2556199364,3.8,14.96761258,4.23522317,528.34275,11.100616994380056,metro
NC,Martin,37117,"17,125",17.5,34.6,55.349280560000004,15.33050771,7.0,14.8120111,5.53556922,105.72768,10.675006815282412,mid
NC,Edgecombe,37065,"37,653",18.2,34.8,67.87116564,11.607546873,7.7,14.29974536,8.534057259999999,70.30749,10.625149300994275,metro
NC,Hyde,37095,"3,922",17.2,32.7,52.47330573,8.2593433822,5.7,20.26633375,6.5082059999999995,22.18279,10.711747540196578,rural
NC,Rowan,37159,"118,284",17.5,32.3,69.87846809,13.825046493,9.5,15.41150302,5.036620070000001,248.3969,10.940951123740335,metro
NC,Dare,37055,"31,485",14.2,28.5,70.76527157,14.648307455,6.1,16.04496444,5.9548673,192.98895,11.137242435146531,mid
NC,Wilkes,37193,"52,999",17.5,33.2,65.33371735,13.961759476,7.9,17.75516048,4.7084376400000005,235.54083,10.776682874304697,mid
NC,Moore,37125,"83,707",14.7,29.5,78.22355029,11.127022215,8.4,14.81137302,4.57159931,251.06312999999997,11.147253021804348,metro
NC,Cleveland,37045,"78,793",17.8,33.4,65.03280781000001,18.074418135,8.9,16.75597984,5.31814463,150.45985,10.799759233696244,mid
NC,Haywood,37087,"52,105",15.9,30.7,82.79727488,14.609667789,6.7,14.97261621,4.24066189,388.94936,10.855473559734735,mid
NC,Davie,37059,"35,409",15.8,31.4,66.83133545999999,10.626992561,9.2,15.950299500000002,4.27719821,75.80456000000001,11.115785605608053,metro
NC,Randolph,37151,"114,881",17.9,32.5,53.08765286,10.514883402,9.0,18.38615498,4.67696563,111.59177,10.952349215939682,metro
NC,Cabarrus,37025,"180,188",16.2,32.3,60.679173090000006,9.9783726674,9.5,14.02575401,4.38561293,295.74797,11.279074796512331,metro
NC,Washington,37187,"8,617",17.7,34.3,63.182768339999996,20.026121027,6.4,15.76032226,6.92721741,119.35365,10.659186907753037,rural
NC,Carteret,37031,"58,070",14.7,29.1,83.55789971,12.651312574,5.8,13.707628750000001,4.11570195,175.07769,11.053204784521506,mid
NC,Duplin,37061,"37,683",17.3,33.6,30.49984604,9.1846106746,7.1,26.23465337,4.38115649,86.57116,10.717723410205611,rural
NC,Alamance,37001,"139,859",17.2,33.4,81.63521279,10.038168384,8.3,17.8425858,4.7982323000000004,169.08504,10.982696134328725,metro
NC,Greene,37079,"16,688",18.7,35.6,25.299496360000003,7.6452599388,7.3,24.426900030000002,4.10081162,48.97879,10.66625407497613,rural
NC,Perquimans,37143,"10,937",15.9,31.4,22.21453287,9.5119631229,6.5,13.850027979999998,5.3067993399999995,60.92917,10.89228497519703,rural
NC,Lincoln,37109,"76,148",16.2,31.3,62.306185920000004,12.145703032,9.3,14.772620100000001,4.07092166,78.06401,11.202575063017205,metro
NC,Cherokee,37039,"25,195",15.7,29.8,98.54382429,10.318852544,7.4,17.543512659999998,4.96601208,140.56982,10.696728905881372,rural
NC,Swain,37173,"10,906",19.2,34.0,97.35071191,8.4632202553,7.2,28.68041483,4.5075369499999995,325.4103,10.77557558173055,rural
NC,Pamlico,37137,"10,683",15.0,30.5,57.60834148,11.797090051,6.0,16.45326504,4.28625378,97.21321999999999,10.891764006182903,rural
NC,Ashe,37009,"22,627",16.2,30.6,57.47450803,8.8345726275,6.6,16.254721359999998,3.97177739,164.72614000000002,10.726587856343938,rural
NC,Jones,37103,"7,647",17.6,32.5,48.40819887,7.5675675676,6.4,19.804447850000003,4.23586041,54.024849999999994,10.770924118192763,rural
NC,Stanly,37167,"51,434",17.6,32.4,76.72468961999999,16.60367811,9.0,15.50740844,4.36363636,222.30981000000003,10.95893134580286,mid
NC,Columbus,37047,"39,774",18.3,34.4,39.26476108,8.2185776382,6.9,19.7214904,6.27678571,165.69512,10.626339155802404,mid
NC,Bladen,37017,"23,400",17.4,33.7,46.53448625,13.369390173,7.0,18.849469499999998,5.8074949,98.22184999999999,10.654856470296197,rural
NC,Hoke,37093,"39,888",19.0,35.6,62.24031335,5.1943399606,7.9,18.97816697,6.44901249,180.74331,10.914142562445095,metro
NC,Davidson,37057,"137,346",17.5,31.5,59.1067306,10.045262772,8.9,17.83231494,4.53654651,117.20787,10.886932132596673,metro
NC,Richmond,37153,"32,370",19.1,34.4,39.85237275,15.113236488,8.2,18.802144209999998,7.317823730000001,231.71988000000002,10.64917974375984,mid
NC,Mecklenburg,37119,"901,633",15.7,32.6,89.5756274,9.1944248834,9.5,14.933186749999999,4.89426304,365.50723999999997,11.227081701792088,metro
NC,Chatham,37037,"66,141",13.8,27.8,71.11620895,10.429318266,8.7,14.03999036,3.56269743,159.20091,11.323748463219292,metro
NC,Henderson,37089,"97,324",14.9,28.9,83.22769842,10.468994048,7.2,18.00468137,4.06885759,245.65818000000002,11.008479448168277,metro
NC,Wake,37183,"919,538",14.7,31.4,89.56676494999999,9.7768113817,10.2,11.397252669999999,3.97628957,368.10861,11.424727930228103,metro
NC,Montgomery,37123,"20,705",17.1,33.2,83.07250203999999,8.8112196196,7.9,19.66541482,4.67586708,155.05078,10.876101905463226,rural
NC,Rockingham,37157,"73,816",17.8,33.7,70.92408008999999,15.227036205,8.2,16.146010829999998,5.53209131,144.63217,10.755090418788047,metro
NC,Person,37145,"31,541",17.3,32.6,44.31286288,13.775829681,8.0,14.27525937,4.95441719,99.67541999999999,10.920293078500146,metro
NC,Johnston,37101,"182,582",16.9,32.1,68.61189171999999,8.1851224994,8.1,15.37990149,4.19744597,101.98495,11.154663548170214,metro
NC,Hertford,37091,"15,694",18.2,35.5,52.01837416,13.848018002,7.3,14.811220889999998,6.52735384,234.98449000000002,10.608093826184968,rural
NC,Scotland,37165,"26,528",19.7,36.8,63.603909400000006,11.548344256,7.8,18.34706049,9.507930790000001,201.59523000000002,10.693307620356334,mid
NC,Guilford,37081,"430,053",16.8,33.8,90.87713075,11.007897936,6.8,14.73290429,5.61111547,320.97491,11.017234728788507,metro
NC,McDowell,37111,"36,301",17.4,32.1,71.71474718,14.197719628,7.2,16.05307563,4.50685826,201.26574,10.829253254772802,mid
NC,Warren,37185,"15,503",17.2,34.1,28.99367021,13.31830755,8.0,20.359341880000002,7.7054528499999995,69.28899,10.709829480862416,rural
NC,Transylvania,37175,"28,383",14.5,28.7,84.95119141,16.522696968,6.8,18.275666479999998,4.09190838,313.5836,11.03063870601066,mid
NC,Yancey,37199,"15,582",16.6,30.7,100.0,8.2877507045,6.3,17.178347809999998,4.2917917899999996,223.9164,10.742875641568942,rural
NC,Anson,37007,"17,493",18.9,35.4,37.01654954,10.374735444,8.4,15.55952196,6.34952032,99.72801,10.615775376623457,metro
NC,Camden,37029,"8,653",16.1,30.7,31.511347179999998,10.014566642,6.6,15.09603842,3.94328755,36.9174,11.279251664682837,metro
NC,Orange,37135,"122,940",15.3,31.8,83.34924948,9.5252788827,8.5,10.0328372,3.45471522,744.20354,11.28745420664684,metro
NC,Gaston,37071,"184,354",17.4,33.2,75.87730266,12.711415557,9.5,15.685640119999999,5.1933864000000005,273.76373,10.933410495077375,metro
NC,Craven,37049,"80,675",16.7,33.9,73.1423749,12.248970197,6.5,15.973861950000002,4.6789374100000005,269.18569,10.961763839681364,mid
NC,Graham,37075,"6,517",16.8,32.2,100.0,11.800802455,6.6,21.69608265,6.8828590300000005,99.46537000000001,10.683889830383498,rural
NC,Pitt,37147,"137,875",18.2,35.0,78.47782288,9.6761496578,6.7,14.895949389999998,5.0414388400000005,443.16920999999996,10.781370041113963,metro
NC,Avery,37011,"15,011",16.8,30.6,100.0,18.211826305,6.4,19.03344022,3.9430894299999997,487.01299,10.788700328839422,rural
NC,Alleghany,37005,"9,426",16.4,30.5,36.93056576,10.720028587,6.9,19.79459997,4.61647727,235.31541,10.719714825653304,rural
NC,Halifax,37083,"37,177",18.4,35.9,51.637119,10.913720973,7.9,17.16220306,7.46649982,178.15711000000002,10.569879995787254,mid
NC,Robeson,37155,"86,828",20.1,33.4,42.28953917,11.000084616,7.8,25.55927591,7.566411200000001,259.61076,10.561344286317487,mid
NC,Catawba,37035,"129,398",16.7,33.1,59.77336405,14.160329867,8.3,16.24499251,4.66290738,249.19152,10.999446323738674,metro
NC,Mitchell,37121,"12,283",16.2,30.5,100.0,16.79994624,5.5,15.30810286,5.145074220000001,120.29673,10.801329140741753,rural
NC,Franklin,37069,"60,292",16.8,33.7,61.52129847,8.0713619728,8.5,17.39223117,4.70298573,115.75527000000001,11.061735739100111,metro
NC,Sampson,37163,"44,966",18.1,35.3,43.97147503,13.25297403,7.7,22.37867668,4.49708822,47.46567,10.784503376319144,mid
NC,Macon,37113,"31,394",15.8,29.4,100.0,16.391620826,6.9,18.98128456,4.2132809899999994,228.94259999999997,10.807827153290528,rural
NC,Caldwell,37027,"64,820",17.6,31.6,79.78475425,12.545676005,8.1,17.18040571,4.9411228000000005,90.72493,10.707840631169418,metro
NC,Yadkin,37197,"30,051",17.3,31.7,51.8622024,13.820598007,8.6,18.31017991,4.22617654,86.04001,10.942827429739166,metro
NC,Onslow,37133,"160,933",18.9,36.0,55.80273346,6.3743300824,6.3,14.2257352,5.12986015,259.02212,10.926747505407526,metro
NC,Pasquotank,37139,"32,807",17.1,33.3,41.8359298,10.898642624,6.6,16.1105858,5.38315,247.42166999999998,10.846712285650364,mid
NC,Jackson,37099,"37,282",18.3,34.4,98.74736134,13.171939227,6.6,23.93080049,4.5002052500000005,467.63419000000005,10.832733995570498,rural
NC,Wayne,37191,"90,368",17.9,32.9,55.80186307,13.632660305,7.8,18.74713959,5.024677410000001,243.07783999999998,10.818877879167118,metro
NC,Tyrrell,37177,"2,772",17.0,33.3,88.35130971000001,15.898251192,5.8,21.68809391,7.01480904,30.731410000000004,10.59588445170537,rural
NC,Brunswick,37019,"137,936",14.0,28.3,78.16420738,7.5148115594,6.3,13.456235520000002,5.99442465,115.10592,11.116707470218728,metro
NC,Harnett,37085,"105,764",18.1,33.6,57.304893390000004,7.5150666141,8.5,15.67402402,5.2868179,99.28953,11.03005541721757,mid
NC,Beaufort,37013,"35,939",16.5,32.5,62.59965959,11.259108194,6.6,16.48990096,4.80176664,191.14869000000002,10.82599889622334,mid
NC,Union,37179,"191,719",15.8,30.8,73.61069724000001,8.1369959356,9.1,13.371048120000001,3.90755961,136.26215,11.379999603260565,metro
NC,Nash,37127,"75,392",17.2,33.1,55.41539434,11.596158509,8.1,16.032928260000002,6.3249286399999995,143.94385,10.932320946596322,metro
NC,Rutherford,37161,"52,439",17.7,31.8,37.73198436,18.784662174,8.3,16.61906273,6.46985447,168.76722999999998,10.702727480606711,mid
NC,Iredell,37097,"155,704",15.9,31.2,71.46973908999999,11.035150993,9.5,15.26541436,4.610079460000001,227.64210999999997,11.152443282688543,metro
NC,Currituck,37053,"24,619",15.8,29.8,76.38790036,9.9821010602,6.6,13.77765173,4.10130144,53.957440000000005,11.32368804865453,metro
NC,Polk,37149,"17,006",14.5,28.8,61.18067053,16.167379933,7.8,16.25022965,4.67382877,188.23769,10.969301129452852,rural
NC,Madison,37115,"18,349",16.3,30.7,90.01557118,8.2796688132,6.6,14.79813283,4.271017349999999,199.98139999999998,10.856090927068603,metro
NC,Clay,37043,"10,069",14.7,29.2,99.79258725,12.168622338,7.0,18.87563884,4.91183879,141.48024,10.850055275294554,rural
NC,Burke,37023,"72,201",17.3,32.8,59.79102432,13.714083479,8.2,18.15747794,4.54105542,312.74611999999996,10.892247772124053,metro
NC,Alexander,37003,"29,341",17.5,32.5,47.2560641,14.689778585,8.4,14.910196710000001,4.22380374,62.76607,10.877839623823553,metro
NC,Caswell,37033,"18,569",17.2,33.9,39.743138630000004,13.812770129,8.0,16.10873395,5.30982793,44.02571,10.837205543732809,rural
NC,Northampton,37131,"13,758",16.5,33.6,20.29649133,14.145012573,7.9,13.56727532,6.2273613800000005,81.73272999999999,10.609649670173567,rural
NC,Watauga,37189,"48,121",19.0,33.9,86.49927893,13.28821247,6.7,14.87417528,3.65909491,483.09179000000006,10.918410213817882,mid
NC,Wilson,37195,"60,928",18.1,33.3,68.13820065,9.7585967138,7.9,18.69780423,6.73266734,206.71438999999998,10.795014169263665,mid
NC,Granville,37077,"49,581",17.0,33.1,47.84725866,11.73825348,8.4,15.618246599999999,3.98429302,369.43826,11.046355932458775,mid
NC,Surry,37171,"56,528",17.7,32.0,47.54410796,12.694781189,8.1,17.66234397,4.35162913,130.70609,10.8555314541161,mid
NC,Stokes,37169,"37,073",16.9,32.1,54.685534589999996,7.8700566207,8.2,16.26342587,4.21944947,58.357459999999996,10.964103711276094,metro
NC,Durham,37063,"271,458",15.3,32.3,89.74272934000001,10.173965647,8.1,15.914907549999999,4.0983091,715.9809399999999,11.17655722294139,metro
NC,Forsyth,37067,"304,926",16.4,33.0,78.02451711,10.707502807,9.5,15.18623348,4.90322159,354.06448,11.005892639442934,metro
NC,Buncombe,37021,"227,608",15.3,29.9,74.83113876,12.448904458,6.2,17.28696947,4.19106249,753.4968,11.064103903312146,metro
NC,Lee,37105,"51,479",17.5,34.1,74.80129572999999,14.433948647,8.4,19.50689511,5.3945186,191.77399,10.945159050741427,mid
NC,Pender,37141,"53,105",16.5,31.5,62.08162384,8.0406983037,6.1,14.78841276,4.21454621,141.6859,11.14987308549367,metro
NC,Lenoir,37107,"42,399",18.5,34.0,64.11777512,13.99856425,7.1,16.67368694,4.95351432,151.7201,10.697475048022145,mid
NC,Cumberland,37051,"252,626",18.4,36.9,78.14643531,8.9486389744,7.4,15.169059030000001,6.87921472,416.38351,10.867863438213538,metro
NC,Chowan,37041,"11,123",16.7,32.9,32.7837759,13.029315961,6.6,12.954915810000001,4.93647913,123.88865,10.79072015681027,rural
