state,county,fips,adult_pop,observed_distress,loneliness_rate,access_to_exercise,social_associations_per_10k,air_pollution,uninsured,unemployment_rate,providers_per_100k,log_median_hh_income,rucc_category,mid,rural
NC,Bertie,37015,"14,112",17.5,35.3,35.6306457,24.583155195,7.0,13.596302669999998,5.90031931,57.12654,10.628133400155445,rural,False,True
NC,Martin,37117,"17,125",17.5,34.6,55.34928056,15.33050771,7.0,14.8120111,5.53556922,105.72768,10.675006815282412,mid,True,False
NC,Edgecombe,37065,"37,653",18.2,34.8,67.87116564,11.607546873,7.7,14.29974536,8.534057259999999,70.30749,10.625149300994275,metro,False,False
NC,Hyde,37095,"3,922",17.2,32.7,52.47330573,8.2593433822,5.7,20.26633375,6.508206,22.18279,10.711747540196578,rural,False,True
NC,Cleveland,37045,"78,793",17.8,33.4,65.03280781000001,18.074418135,8.9,16.75597984,5.31814463,150.45985,10.799759233696244,mid,True,False
NC,Davie,37059,"35,409",15.8,31.4,66.83133545999999,10.626992561,9.2,15.950299500000002,4.27719821,75.80456000000001,11.115785605608052,metro,False,False
NC,Randolph,37151,"114,881",17.9,32.5,53.08765286,10.514883402,9.0,18.38615498,4.67696563,111.59177,10.952349215939682,metro,False,False
NC,Washington,37187,"8,617",17.7,34.3,63.18276834,20.026121027,6.4,15.76032226,6.92721741,119.35365,10.659186907753035,rural,False,True
NC,Duplin,37061,"37,683",17.3,33.6,30.49984604,9.1846106746,7.1,26.23465337,4.38115649,86.57116,10.717723410205611,rural,False,True
NC,Greene,37079,"16,688",18.7,35.6,25.299496360000003,7.6452599388,7.3,24.42690003,4.10081162,48.97879,10.66625407497613,rural,False,True
NC,Perquimans,37143,"10,937",15.9,31.4,22.21453287,9.5119631229,6.5,13.850027979999998,5.30679934,60.92917,10.89228497519703,rural,False,True
NC,Lincoln,37109,"76,148",16.2,31.3,62.30618592,12.145703032,9.3,14.7726201,4.07092166,78.06401,11.202575063017203,metro,False,False
NC,Cherokee,37039,"25,195",15.7,29.8,98.54382429,10.318852544,7.4,17.543512659999998,4.96601208,140.56982,10.696728905881372,rural,False,True
NC,Pamlico,37137,"10,683",15.0,30.5,57.60834148,11.797090051,6.0,16.45326504,4.28625378,97.21322,10.891764006182903,rural,False,True
NC,Ashe,37009,"22,627",16.2,30.6,57.47450803,8.8345726275,6.6,16.254721359999998,3.97177739,164.72614000000002,10.726587856343938,rural,False,True
NC,Jones,37103,"7,647",17.6,32.5,48.40819887,7.5675675676,6.4,19.804447850000003,4.23586041,54.02485,10.770924118192765,rural,False,True
NC,Columbus,37047,"39,774",18.3,34.4,39.26476108,8.2185776382,6.9,19.7214904,6.27678571,165.69512,10.626339155802404,mid,True,False
NC,Bladen,37017,"23,400",17.4,33.7,46.53448625,13.369390173,7.0,18.8494695,5.8074949,98.22185,10.654856470296195,rural,False,True
NC,Davidson,37057,"137,346",17.5,31.5,59.1067306,10.045262772,8.9,17.83231494,4.53654651,117.20787,10.886932132596671,metro,False,False
NC,Chatham,37037,"66,141",13.8,27.8,71.11620895,10.429318266,8.7,14.03999036,3.56269743,159.20091,11.323748463219292,metro,False,False
NC,Montgomery,37123,"20,705",17.1,33.2,83.07250203999999,8.8112196196,7.9,19.66541482,4.67586708,155.05078,10.876101905463226,rural,False,True
NC,Rockingham,37157,"73,816",17.8,33.7,70.92408008999999,15.227036205,8.2,16.146010829999998,5.53209131,144.63217,10.755090418788049,metro,False,False
NC,Person,37145,"31,541",17.3,32.6,44.31286288,13.775829681,8.0,14.27525937,4.95441719,99.67542,10.920293078500146,metro,False,False
NC,Johnston,37101,"182,582",16.9,32.1,68.61189171999999,8.1851224994,8.1,15.37990149,4.19744597,101.98495,11.154663548170214,metro,False,False
NC,Warren,37185,"15,503",17.2,34.1,28.99367021,13.31830755,8.0,20.35934188,7.705452849999999,69.28899,10.709829480862416,rural,False,True
NC,Anson,37007,"17,493",18.9,35.4,37.01654954,10.374735444,8.4,15.55952196,6.34952032,99.72801,10.615775376623455,metro,False,False
NC,Camden,37029,"8,653",16.1,30.7,31.51134718,10.014566642,6.6,15.09603842,3.94328755,36.9174,11.279251664682835,metro,False,False
NC,Graham,37075,"6,517",16.8,32.2,100.0,11.800802455,6.6,21.69608265,6.8828590300000005,99.46537,10.683889830383498,rural,False,True
NC,Mitchell,37121,"12,283",16.2,30.5,100.0,16.79994624,5.5,15.30810286,5.145074220000001,120.29673,10.801329140741752,rural,False,True
NC,Franklin,37069,"60,292",16.8,33.7,61.52129847,8.0713619728,8.5,17.39223117,4.70298573,115.75527,11.061735739100111,metro,False,False
NC,Sampson,37163,"44,966",18.1,35.3,43.97147503,13.25297403,7.7,22.37867668,4.49708822,47.46567,10.784503376319144,mid,True,False
NC,Caldwell,37027,"64,820",17.6,31.6,79.78475425,12.545676005,8.1,17.18040571,4.9411228000000005,90.72493,10.707840631169418,metro,False,False
NC,Yadkin,37197,"30,051",17.3,31.7,51.8622024,13.820598007,8.6,18.31017991,4.22617654,86.04001,10.942827429739166,metro,False,False
NC,Tyrrell,37177,"2,772",17.0,33.3,88.35130971000001,15.898251192,5.8,21.68809391,7.01480904,30.731410000000004,10.59588445170537,rural,False,True
NC,Brunswick,37019,"137,936",14.0,28.3,78.16420738,7.5148115594,6.3,13.456235520000002,5.99442465,115.10592,11.116707470218728,metro,False,False
NC,Harnett,37085,"105,764",18.1,33.6,57.30489339,7.5150666141,8.5,15.67402402,5.2868179,99.28953,11.03005541721757,mid,True,False
NC,Union,37179,"191,719",15.8,30.8,73.61069724000001,8.1369959356,9.1,13.37104812,3.90755961,136.26215,11.379999603260565,metro,False,False
NC,Nash,37127,"75,392",17.2,33.1,55.41539434,11.596158509,8.1,16.032928260000002,6.32492864,143.94385,10.932320946596322,metro,False,False
NC,Rutherford,37161,"52,439",17.7,31.8,37.73198436,18.784662174,8.3,16.61906273,6.46985447,168.76722999999998,10.702727480606711,mid,True,False
NC,Currituck,37053,"24,619",15.8,29.8,76.38790036,9.9821010602,6.6,13.77765173,4.10130144,53.957440000000005,11.32368804865453,metro,False,False
NC,Clay,37043,"10,069",14.7,29.2,99.79258725,12.168622338,7.0,18.87563884,4.91183879,141.48024,10.850055275294554,rural,False,True
NC,Alexander,37003,"29,341",17.5,32.5,47.2560641,14.689778585,8.4,14.91019671,4.22380374,62.76607,10.877839623823553,metro,False,False
NC,Caswell,37033,"18,569",17.2,33.9,39.74313863,13.812770129,8.0,16.10873395,5.30982793,44.02571,10.837205543732807,rural,False,True
NC,Northampton,37131,"13,758",16.5,33.6,20.29649133,14.145012573,7.9,13.56727532,6.2273613800000005,81.73272999999999,10.609649670173567,rural,False,True
NC,Surry,37171,"56,528",17.7,32.0,47.54410796,12.694781189,8.1,17.66234397,4.35162913,130.70609,10.8555314541161,mid,True,False
NC,Stokes,37169,"37,073",16.9,32.1,54.68553459,7.8700566207,8.2,16.26342587,4.21944947,58.35746,10.964103711276094,metro,False,False
NC,Pender,37141,"53,105",16.5,31.5,62.08162384,8.0406983037,6.1,14.78841276,4.21454621,141.6859,11.14987308549367,metro,False,False
NC,Lenoir,37107,"42,399",18.5,34.0,64.11777512,13.99856425,7.1,16.67368694,4.95351432,151.7201,10.697475048022143,mid,True,False
NC,Chowan,37041,"11,123",16.7,32.9,32.7837759,13.029315961,6.6,12.95491581,4.93647913,123.88865,10.79072015681027,rural,False,True
